{
	"partitions" : [
		{
			"name" : "Top",
			"pins" : [
				{
					"name" : "tarjetas",
					"strict" : false
				},
				{
					"name" : "numeros",
					"strict" : false
				},
				{
					"name" : "confirm",
					"strict" : false
				},
				{
					"name" : "bill",
					"strict" : false
				},
				{
					"name" : "pasar",
					"strict" : false
				},
				{
					"name" : "decena[6]",
					"strict" : false
				},
				{
					"name" : "decena[5]",
					"strict" : false
				},
				{
					"name" : "decena[4]",
					"strict" : false
				},
				{
					"name" : "decena[3]",
					"strict" : false
				},
				{
					"name" : "decena[2]",
					"strict" : false
				},
				{
					"name" : "decena[1]",
					"strict" : false
				},
				{
					"name" : "decena[0]",
					"strict" : false
				},
				{
					"name" : "decenagasto[6]",
					"strict" : false
				},
				{
					"name" : "decenagasto[5]",
					"strict" : false
				},
				{
					"name" : "decenagasto[4]",
					"strict" : false
				},
				{
					"name" : "decenagasto[3]",
					"strict" : false
				},
				{
					"name" : "decenagasto[2]",
					"strict" : false
				},
				{
					"name" : "decenagasto[1]",
					"strict" : false
				},
				{
					"name" : "decenagasto[0]",
					"strict" : false
				},
				{
					"name" : "mostrar_tarjeta[6]",
					"strict" : false
				},
				{
					"name" : "mostrar_tarjeta[4]",
					"strict" : false
				},
				{
					"name" : "mostrar_tarjeta[3]",
					"strict" : false
				},
				{
					"name" : "mostrar_tarjeta[2]",
					"strict" : false
				},
				{
					"name" : "mostrar_tarjeta[1]",
					"strict" : false
				},
				{
					"name" : "mostrar_tarjeta[0]",
					"strict" : false
				},
				{
					"name" : "saldodecena[6]",
					"strict" : false
				},
				{
					"name" : "saldodecena[5]",
					"strict" : false
				},
				{
					"name" : "saldodecena[4]",
					"strict" : false
				},
				{
					"name" : "saldodecena[3]",
					"strict" : false
				},
				{
					"name" : "saldodecena[2]",
					"strict" : false
				},
				{
					"name" : "saldodecena[1]",
					"strict" : false
				},
				{
					"name" : "saldodecena[0]",
					"strict" : false
				},
				{
					"name" : "saldounidad[6]",
					"strict" : false
				},
				{
					"name" : "saldounidad[5]",
					"strict" : false
				},
				{
					"name" : "saldounidad[4]",
					"strict" : false
				},
				{
					"name" : "saldounidad[3]",
					"strict" : false
				},
				{
					"name" : "saldounidad[2]",
					"strict" : false
				},
				{
					"name" : "saldounidad[1]",
					"strict" : false
				},
				{
					"name" : "saldounidad[0]",
					"strict" : false
				},
				{
					"name" : "unidad[6]",
					"strict" : false
				},
				{
					"name" : "unidad[5]",
					"strict" : false
				},
				{
					"name" : "unidad[4]",
					"strict" : false
				},
				{
					"name" : "unidad[3]",
					"strict" : false
				},
				{
					"name" : "unidad[2]",
					"strict" : false
				},
				{
					"name" : "unidad[1]",
					"strict" : false
				},
				{
					"name" : "unidad[0]",
					"strict" : false
				},
				{
					"name" : "unidadgasto[6]",
					"strict" : false
				},
				{
					"name" : "unidadgasto[5]",
					"strict" : false
				},
				{
					"name" : "unidadgasto[4]",
					"strict" : false
				},
				{
					"name" : "unidadgasto[3]",
					"strict" : false
				},
				{
					"name" : "unidadgasto[2]",
					"strict" : false
				},
				{
					"name" : "unidadgasto[1]",
					"strict" : false
				},
				{
					"name" : "unidadgasto[0]",
					"strict" : false
				},
				{
					"name" : "ok",
					"strict" : false
				},
				{
					"name" : "resent",
					"strict" : false
				},
				{
					"name" : "comprar",
					"strict" : false
				},
				{
					"name" : "billete",
					"strict" : false
				},
				{
					"name" : "teclados[8]",
					"strict" : false
				},
				{
					"name" : "teclados[1]",
					"strict" : false
				},
				{
					"name" : "teclados[7]",
					"strict" : false
				},
				{
					"name" : "teclados[0]",
					"strict" : false
				},
				{
					"name" : "teclados[9]",
					"strict" : false
				},
				{
					"name" : "teclados[3]",
					"strict" : false
				},
				{
					"name" : "teclados[4]",
					"strict" : false
				},
				{
					"name" : "teclados[2]",
					"strict" : false
				},
				{
					"name" : "teclados[6]",
					"strict" : false
				},
				{
					"name" : "teclados[5]",
					"strict" : false
				},
				{
					"name" : "start",
					"strict" : false
				},
				{
					"name" : "clocks",
					"strict" : false
				}
			]
		}
	]
}